"","Name_submitted","Accepted_name","State","Raw.Scientific.Name","Reg.Level","Accepted.Symbol","Native.Status"
"92","Elodea canadensis","Elodea canadensis","AK","Elodea canadensis","Aquatic Invasive Weeds","ELCA7","L48(N)AK(I)PR(I)CAN(N)"
"93","Elodea nuttallii","Elodea nuttallii","AK","Elodea nuttallii","Aquatic Invasive Weeds","ELNU2","L48(N)CAN(N)"
"239","Solanum carolinense","Solanum carolinense","AK","Solanum carolinense","Noxious Weeds","SOCA3","L48(N)CAN(I)"
"240","Solanum carolinense","Solanum carolinense","CA","Solanum carolinense","Noxious Weed","SOCA3","L48(N)CAN(I)"
"241","Solanum carolinense","Solanum carolinense","GA","Solanum carolinense","Restricted Noxious Weed Seed","SOCA3","L48(N)CAN(I)"
"242","Solanum carolinense","Solanum carolinense","HI","Solanum carolinense","Noxious Weeds","SOCA3","L48(N)CAN(I)"
"243","Solanum carolinense","Solanum carolinense","IN","Solanum carolinense","Restricted Noxious Weeds","SOCA3","L48(N)CAN(I)"
"244","Solanum carolinense","Solanum carolinense","MI","Solanum carolinense","Prohibited Noxious Weed Seed","SOCA3","L48(N)CAN(I)"
"245","Solanum carolinense","Solanum carolinense","MN","Solanum carolinense","Restricted Noxious Weed Seeds","SOCA3","L48(N)CAN(I)"
"246","Solanum carolinense","Solanum carolinense","NV","Solanum carolinense","Category B","SOCA3","L48(N)CAN(I)"
"247","Solanum carolinense","Solanum carolinense","SD","Solanum carolinense","Noxious Weed Seeds","SOCA3","L48(N)CAN(I)"
"381","Pistia stratiotes","Pistia stratiotes","AL","Pistia stratiotes","Class C Noxious Weeds","PIST2","L48(N)HI(I)PR(N)VI(N)"
"382","Pistia stratiotes","Pistia stratiotes","MS","Pistia stratiotes","Prohibited aquatic plant","PIST2","L48(N)HI(I)PR(N)VI(N)"
"383","Pistia stratiotes","Pistia stratiotes","OH","Pistia stratiotes","Prohibited","PIST2","L48(N)HI(I)PR(N)VI(N)"
"384","Pistia stratiotes","Pistia stratiotes","SC","Pistia stratiotes","Plant Pests","PIST2","L48(N)HI(I)PR(N)VI(N)"
"385","Pistia stratiotes","Pistia stratiotes","TX","Pistia stratiotes","Noxious Plants","PIST2","L48(N)HI(I)PR(N)VI(N)"
"386","Pistia stratiotes","Pistia stratiotes","WI","Pistia stratiotes","Prohibited","PIST2","L48(N)HI(I)PR(N)VI(N)"
"472","Panax quinquefolius","Panax quinquefolius","All","Panax quinquefolius","Regulated","PAQU","L48(N)CAN(N)"
"606","Cenchrus echinatus","Cenchrus echinatus","AZ","Cenchrus echinatus","Class A Noxious Weeds","CEEC","L48(N)HI(I)PR(N)VI(N)"
"607","Cenchrus echinatus","Cenchrus echinatus","CA","Cenchrus echinatus","B","CEEC","L48(N)HI(I)PR(N)VI(N)"
"608","Cenchrus spinifex","Cenchrus spinifex","AZ","Cenchrus spinifex","Class B Noxious Weeds","CESP4","L48(N)PR(N)VI(N)"
"609","Cenchrus spinifex","Cenchrus spinifex","CA","Cenchrus spinifex","B","CESP4","L48(N)PR(N)VI(N)"
"610","Cenchrus spinifex","Cenchrus spinifex","GA","Cenchrus spinifex","Restricted Noxious Weed Seed","CESP4","L48(N)PR(N)VI(N)"
"701","Ipomoea hederacea","Ipomoea hederacea","AZ","Ipomoea hederacea","Class C Noxious Weeds","IPNI","L48(N)PR(N)VI(N)"
"703","Ipomoea hederacea","Ipomoea hederacea","AZ","Ipomoea hederacea","Class C Noxious Weeds","IPNI","L48(N)PR(N)VI(N)"
"722","Ipomoea x leucantha","Ipomoea x leucantha","AZ","Ipomoea x leucantha","Class C Noxious Weeds","IPLE4","L48(N)HI(I?)"
"843","Ambrosia trifida","Ambrosia trifida","CA","Ambrosia trifida","B","AMTR","L48(N)CAN(N)"
"844","Ambrosia trifida","Ambrosia trifida","DE","Ambrosia trifida","Noxious Weeds","AMTR","L48(N)CAN(N)"
"845","Ambrosia trifida","Ambrosia trifida","IL","Ambrosia trifida","Noxious Weeds","AMTR","L48(N)CAN(N)"
"846","Ambrosia trifida","Ambrosia trifida","WI","Ambrosia trifida","Restricted Noxious Weed Seed","AMTR","L48(N)CAN(N)"
"852","Baccharis halimifolia","Baccharis halimifolia","CA","Baccharis halimifolia","A","BAHA","L48(N)"
"861","Boehmeria cylindrica","Boehmeria cylindrica","CA","Boehmeria cylindrica","C","BOCY","L48(N)PR(N)CAN(N)"
"887","Cabomba caroliniana","Cabomba caroliniana","CA","Cabomba caroliniana","Noxious Weed","CACA","L48(N)CAN(N)"
"888","Cabomba caroliniana","Cabomba caroliniana","CT","Cabomba caroliniana","Noxious Weeds","CACA","L48(N)CAN(N)"
"889","Cabomba caroliniana","Cabomba caroliniana","ID","Cobomba caroliniana","EARLY DETECTION/RAPID RESPONSE","CACA","L48(N)CAN(N)"
"890","Cabomba caroliniana","Cabomba caroliniana","MA","Cabomba caroliniana","Noxious weed","CACA","L48(N)CAN(N)"
"891","Cabomba caroliniana","Cabomba caroliniana","ME","Cabomba caroliniana","Aquatic noxious weed","CACA","L48(N)CAN(N)"
"892","Cabomba caroliniana","Cabomba caroliniana","MI","Cabomba caroliniana","Prohibited","CACA","L48(N)CAN(N)"
"893","Cabomba caroliniana","Cabomba caroliniana","NH","Cabomba caroliniana","Noxious Weed","CACA","L48(N)CAN(N)"
"894","Cabomba caroliniana","Cabomba caroliniana","NY","Cabomba caroliniana","Prohibited Plants","CACA","L48(N)CAN(N)"
"895","Cabomba caroliniana","Cabomba caroliniana","VT","Cabomba caroliniana","Class A Noxious Weed","CACA","L48(N)CAN(N)"
"896","Cabomba caroliniana","Cabomba caroliniana","WA","Cabomba caroliniana","Class B","CACA","L48(N)CAN(N)"
"897","Cabomba caroliniana","Cabomba caroliniana","WI","Cabomba caroliniana","Prohibited","CACA","L48(N)CAN(N)"
"918","Cenchrus incertus","Cenchrus spinifex","WY","Cenchrus incertus M. A. Curtis","Prohibited Noxious Weed","CESP4","L48(N)PR(N)VI(N)"
"919","Cenchrus longispinus","Cenchrus longispinus","CA","Cenchrus longispinus","B","CELO3","L48(N)CAN(N)"
"920","Cenchrus longispinus","Cenchrus longispinus","WA","Cenchrus longispinus","Class C","CELO3","L48(N)CAN(N)"
"921","Cenchrus longispinus","Cenchrus longispinus","WY","Cenchrus longispinus (Hack.) Fernald","Prohibited Noxious Weed","CELO3","L48(N)CAN(N)"
"966","Cirsium ochrocentrum","Cirsium ochrocentrum","CA","Cirsium ochrocentrum","C","CIOC2","L48(N)"
"967","Cirsium undulatum","Cirsium undulatum","CA","Cirsium undulatum","Noxious Weed","CIUN","CAN(N)L48(N)"
"1030","Diodia virginiana","Diodia virginiana","CA","Diodia virginiana","C","DIVI3","L48(N)"
"1033","Drymaria cordata","Drymaria cordata","CA","Drymaria cordata","C","DRCO2","L48(N)HI(I)PR(N)VI(N)"
"1048","Euphorbia cyathophora","Euphorbia cyathophora","CA","Euphorbia cyathophora","C","EUCY","L48(N)HI(I)PR(N)VI(N)"
"1086","Helianthus ciliaris","Helianthus ciliaris","CA","Helianthus ciliaris","Noxious Weed","HECI","L48(N)"
"1087","Helianthus ciliaris","Helianthus ciliaris","GA","Helianthus ciliaris","Restricted Noxious Weed Seed","HECI","L48(N)"
"1088","Helianthus ciliaris","Helianthus ciliaris","SC","Helianthus ciliaris","Plant Pests","HECI","L48(N)"
"1089","Helianthus ciliaris","Helianthus ciliaris","WA","Helianthus ciliaris","Class A","HECI","L48(N)"
"1108","Heteranthera reniformis","Heteranthera reniformis","CA","Heteranthera reniformis","A","HERE","L48(N)PR(N)"
"1109","Heteropogon contortus","Heteropogon contortus","CA","Heteropogon contortus","Noxious Weed","HECO10","L48(N)HI(N)PR(N)VI(N)"
"1220","Limnobium spongia","Hydrocharis spongia","CA","Limnobium spongia","Noxious Weed","LISP2","L48(N)"
"1232","Ludwigia decurrens","Ludwigia decurrens","CA","Ludwigia decurrens","A","LUDE4","L48(N)PR(N)"
"1250","Muhlenbergia schreberi","Muhlenbergia schreberi","CA","Muhlenbergia schreberi","Noxious Weed","MUSC","L48(N)CAN(N)"
"1256","Nymphaea mexicana","Nymphaea mexicana","CA","Nymphaea mexicana","C","NYME","L48(N)CAN(I)"
"1274","Oenothera sinuosa","Oenothera sinuosa","CA","Oenothera sinuosa","Noxious Weed","OESI3","L48(N)"
"1275","Oenothera xerogaura","Oenothera hispida","CA","Oenothera xenogaura","Noxious Weed","OEXE","L48(N)"
"1291","Physalis longifolia","Physalis longifolia","CA","Physalis longifolia","Noxious Weed","PHLO4","L48(N)CAN(N)"
"1293","Physalis viscosa","Physalis viscosa","CA","Physalis viscosa","Noxious Weed","PHVI17","L48(N)"
"1388","Solanum dimidiatum","Solanum dimidiatum","CA","Solanum dimidiatum","Noxious Weed","SODI","L48(N)"
"1389","Solanum elaeagnifolium","Solanum elaeagnifolium","CA","Solanum elaeagnifolium","Noxious Weed","SOEL","L48(N)HI(I)PR(N)"
"1390","Solanum elaeagnifolium","Solanum elaeagnifolium","GA","Solanum elaeagnifolium","Restricted Noxious Weed Seed","SOEL","L48(N)HI(I)PR(N)"
"1391","Solanum elaeagnifolium","Solanum elaeagnifolium","HI","Solanum elaeagnifolium","Noxious Weeds","SOEL","L48(N)HI(I)PR(N)"
"1392","Solanum elaeagnifolium","Solanum elaeagnifolium","MI","Solanum eleagnifolium","Restricted Noxious Weed Seed","SOEL","L48(N)HI(I)PR(N)"
"1393","Solanum elaeagnifolium","Solanum elaeagnifolium","NV","Solanum elaeagnifolium","Category B","SOEL","L48(N)HI(I)PR(N)"
"1394","Solanum elaeagnifolium","Solanum elaeagnifolium","OR","Solanum elaeagnifolium","""A"" Designated Weed","SOEL","L48(N)HI(I)PR(N)"
"1395","Solanum elaeagnifolium","Solanum elaeagnifolium","WA","Solanum elaeagnifolium","Class A","SOEL","L48(N)HI(I)PR(N)"
"1403","Spartina alterniflora","Sporobolus alterniflorus","CA","Spartina alterniflora","Noxious Weed","SPAL","L48(N)CAN(N)"
"1404","Spartina alterniflora","Sporobolus alterniflorus","OR","Spartina alterniflora","""A"" Designated Weed","SPAL","L48(N)CAN(N)"
"1405","Spartina alterniflora","Sporobolus alterniflorus","WA","Spartina alterniflora","Class A","SPAL","L48(N)CAN(N)"
"1412","Spartina patens","Sporobolus pumilus","CA","Spartina patens","Noxious Weed","SPPA","L48(N)PR(N)VI(N)CAN(N)"
"1413","Spartina patens","Sporobolus pumilus","OR","Spartina patens","""A"" Designated Weed","SPPA","L48(N)PR(N)VI(N)CAN(N)"
"1414","Spartina patens","Sporobolus pumilus","WA","Spartina patens","Class A","SPPA","L48(N)PR(N)VI(N)CAN(N)"
"1440","Talinum paniculatum","Talinum paniculatum","CA","Talinum paniculatum","C","TAPA2","L48(N)HI(I)PR(N)VI(N)"
"1656","Amorpha fruticosa","Amorpha fruticosa","CT","Amorpha fruticosa","Noxious Weeds","AMFR","L48(N)CAN(N)"
"1657","Amorpha fruticosa","Amorpha fruticosa","ME","Amorpha fruticose","Prohibited","AMFR","L48(N)CAN(N)"
"1658","Amorpha fruticosa","Amorpha fruticosa","OR","Amorpha fruticosa","""B"" Designated Weed","AMFR","L48(N)CAN(N)"
"1659","Amorpha fruticosa","Amorpha fruticosa","WA","Amorpha fruticosa","Class B","AMFR","L48(N)CAN(N)"
"1727","Froelichia gracilis","Froelichia gracilis","CT","Froelichia gracilis","Noxious Weeds","FRGR3","L48(N)CAN(I)"
"1831","Myriophyllum heterophyllum","Myriophyllum heterophyllum","CT","Myriophyllum heterophyllum","Noxious Weeds","MYHE2","L48(N)CAN(N)"
"1832","Myriophyllum heterophyllum","Myriophyllum heterophyllum","ID","Myriophyllum heterophyllum","EARLY DETECTION/RAPID RESPONSE","MYHE2","L48(N)CAN(N)"
"1833","Myriophyllum heterophyllum","Myriophyllum heterophyllum","MA","Myriophyllum heterophyllum","Noxious Weed","MYHE2","L48(N)CAN(N)"
"1834","Myriophyllum heterophyllum","Myriophyllum heterophyllum","ME","Myriophyllum heterophyllum","Aquatic noxious weed","MYHE2","L48(N)CAN(N)"
"1835","Myriophyllum heterophyllum","Myriophyllum heterophyllum","NH","M. heterophyllum","Noxious Weed","MYHE2","L48(N)CAN(N)"
"1836","Myriophyllum heterophyllum","Myriophyllum heterophyllum","NY","Myriophyllum heterophyllum","Prohibited Plants","MYHE2","L48(N)CAN(N)"
"1837","Myriophyllum heterophyllum","Myriophyllum heterophyllum","VT","Myriophyllum heterophyllum","Class A Noxious Weed","MYHE2","L48(N)CAN(N)"
"1838","Myriophyllum heterophyllum","Myriophyllum heterophyllum","WA","Myriophyllum heterophyllum","Class A","MYHE2","L48(N)CAN(N)"
"1839","Nelumbo lutea","Nelumbo lutea","CT","Nelumbo lutea","Noxious Weeds","NELU","L48(N)CAN(N)"
"1882","Silphium perfoliatum","Silphium perfoliatum","CT","Silphium perfoliatum","Noxious Weeds","SIPE2","L48(N)CAN(N)"
"1883","Silphium perfoliatum","Silphium perfoliatum","ME","Silphium perfoliatum","Prohibited","SIPE2","L48(N)CAN(N)"
"1884","Silphium perfoliatum","Silphium perfoliatum","NY","Silphium perfoliatum","Prohibited Plants","SIPE2","L48(N)CAN(N)"
"1890","Amaranthus palmeri","Amaranthus palmeri","DE","Amaranthus palmeri","Noxious Weeds","AMPA","L48(N)CAN(I)"
"1891","Amaranthus palmeri","Amaranthus palmeri","IA","Amaranthus palmeri","Class A Noxious Weed","AMPA","L48(N)CAN(I)"
"1892","Amaranthus palmeri","Amaranthus palmeri","IA","Amaranthus palmeri","Prohibited Invasive Plant","AMPA","L48(N)CAN(I)"
"1893","Amaranthus palmeri","Amaranthus palmeri","IN","Amaranthus palmeri","Prohibited Noxious Weeds","AMPA","L48(N)CAN(I)"
"1894","Amaranthus palmeri","Amaranthus palmeri","MD","Amaranthus palmeri","Noxious weed","AMPA","L48(N)CAN(I)"
"1895","Amaranthus palmeri","Amaranthus palmeri","MN","Amaranthus palmeri","Prohibited Eradicate","AMPA","L48(N)CAN(I)"
"1896","Amaranthus palmeri","Amaranthus palmeri","MN","Amaranthus palmeri","Prohibited Noxious Weed Seeds","AMPA","L48(N)CAN(I)"
"1897","Amaranthus palmeri","Amaranthus palmeri","ND","Amaranthus palmeri","Noxious Weed","AMPA","L48(N)CAN(I)"
"1898","Amaranthus palmeri","Amaranthus palmeri","OH","Amaranthus palmeri","Noxious weed","AMPA","L48(N)CAN(I)"
"1899","Amaranthus palmeri","Amaranthus palmeri","PA","Amaranthus palmeri","Class A Noxious Weeds","AMPA","L48(N)CAN(I)"
"1900","Amaranthus palmeri","Amaranthus palmeri","SD","Amaranthus palmeri","Noxious Weed Seeds, Local Noxious Weeds","AMPA","L48(N)CAN(I)"
"1901","Amaranthus palmeri","Amaranthus palmeri","WI","Amaranthus palmeri","Prohibited Noxious Weed Seed","AMPA","L48(N)CAN(I)"
"1902","Amaranthus palmeri","Amaranthus palmeri","WY","Amaranthus palmeri","Prohibited Noxious Weed","AMPA","CAN(I)L48(N)"
"1903","Sicyos angulatus","Sicyos angulatus","DE","Sicyos angulatus","Noxious Weeds","SIAN","L48(N)CAN(N)"
"1904","Sicyos angulatus","Sicyos angulatus","IN","Sicyos angulatus","Prohibited Noxious Weeds","SIAN","L48(N)CAN(N)"
"1905","Urochloa texana","Urochloa texana","DE","Uruchloa texana","Noxious Weeds","URTE2","L48(N)"
"1906","Urochloa texana","Urochloa texana","GA","Urochloa texana","Restricted Noxious Weed Seed","URTE2","L48(N)"
"1989","Melastoma malabathricum","Melastoma malabathricum","FL","Melastoma malabathricum","Noxious Weeds","MEMA","L48(N)HI(I)"
"1990","Melastoma malabathricum","Melastoma malabathricum","MA","Melastoma malabathricum","Noxious Weed","MEMA","L48(N)HI(I)"
"1991","Melastoma malabathricum","Melastoma malabathricum","SC","Melastoma malabathricum","Plant Pests","MEMA","L48(N)HI(I)"
"2066","Saccharum spontaneum","Saccharum spontaneum","FL","Saccharum spontaneum","Noxious Weeds","SASP","L48(N)HI(I)PR(I)"
"2067","Saccharum spontaneum","Saccharum spontaneum","MA","Saccharum spontaneum","Noxious Weed","SASP","L48(N)HI(I)PR(I)"
"2068","Saccharum spontaneum","Saccharum spontaneum","SC","Saccharum spontaneum","Plant Pests","SASP","L48(N)HI(I)PR(I)"
"2132","Ipomoea alba","Ipomoea alba","GA","Ipomoea alba","Prohibited Noxious Weed Seed","IPAL","L48(N)HI(I)PR(N)VI(N)"
"2136","Plantago aristata","Plantago aristata","GA","Plantago aristate","Restricted Noxious Weed Seed","PLAR3","L48(N)HI(I)CAN(I)"
"2155","Aeschynomene indica","Aeschynomene indica","HI","Aeschynomene indica","Noxious Weeds","AEIN","L48(N)PR(N)"
"2158","Andropogon virginicus","Andropogon virginicus","HI","Andropogon virginicus","Noxious Weeds","ANVI2","L48(N)HI(I)PR(N)CAN(N)"
"2164","Chromolaena odorata","Chromolaena odorata","HI","Chromoleana odorata","Noxious Weeds","CHOD","L48(N)PR(N)VI(N)"
"2165","Clidemia hirta var. hirta",NA,"HI","Clidemia hirta var. hirta","Noxious Weeds","CLHIH2","L48(N)"
"2180","Mikania scandens","Mikania scandens","HI","Mikania scandens","Noxious Weeds","MISC","L48(N)CAN(I)"
"2190","Piper aduncum","Piper aduncum","HI","Piper aduncum","Noxious Weeds","PIAD","L48(N)PR(N)VI(N)"
"2201","Rubus argutus","Rubus argutus","HI","Rubus argutus","Noxious Weeds","RUAR2","L48(N)HI(I)"
"2213","Triumfetta semitriloba","Triumfetta semitriloba","HI","Triumfetta semitriloba","Noxious Weeds","TRSE4","L48(N)HI(I)PR(N)VI(N)"
"2372","Amaranthus hybridus","Amaranthus hybridus","IN","Amaranthus hybridus","Prohibited Noxious Weeds","AMHY","L48(N)HI(I)CAN(I)"
"2373","Amaranthus powellii","Amaranthus powellii","IN","Amaranthus powellii","Prohibited Noxious Weeds","AMPO2","L48(N)CAN(N)"
"2374","Amaranthus retroflexus","Amaranthus retroflexus","IN","Amaranthus retroflexus","Prohibited Noxious Weeds","AMRE","L48(N)AK(I)HI(I)CAN(I)SPM(I)"
"2378","Amaranthus tuberculatus","Amaranthus tuberculatus","IN","Amaranthus tuberculatus","Prohibited Noxious Weeds","AMTU","L48(N)CAN(N)"
"2379","Amaranthus tuberculatus","Amaranthus tuberculatus","MD","Amaranthus tuberculatus","Noxious weed","AMTU","L48(N)CAN(N)"
"2380","Amaranthus tuberculatus","Amaranthus tuberculatus","OH","Amaranthus tuberculatus","Noxious weed","AMTU","L48(N)CAN(N)"
"2381","Amaranthus tuberculatus","Amaranthus tuberculatus","PA","Amaranthus tuberculatus","Class A Noxious Weeds","AMTU","L48(N)CAN(N)"
"2382","Amaranthus tuberculatus","Amaranthus tuberculatus","WI","Amaranthus tuberculatus","Prohibited Noxious Weed Seed","AMTU","L48(N)CAN(N)"
"2383","Conyza canadensis","Erigeron canadensis","IN","Conyza canadensis","Prohibited Noxious Weeds","COCA5","L48(N)AK(I)HI(I)PR(N)VI(N)CAN(N)SPM(N)"
"2384","Conyza canadensis","Erigeron canadensis","OH","Conyza canadensis","Noxious weed","COCA5","L48(N)AK(I)HI(I)PR(N)VI(N)CAN(N)SPM(N)"
"2404","Solanum ptycanthum","Solanum americanum","IN","Solanum ptycanthum","Restricted Noxious Weeds","SOPT7","L48(N)AK(I)HI(I)VI(I)CAN(N)"
"2405","Solanum ptycanthum","Solanum americanum","MI","Solanum ptycanthum","Restricted Noxious Weed Seed","SOPT7","L48(N)AK(I)HI(I)VI(I)CAN(N)"
"2406","Solanum ptycanthum","Solanum americanum","MN","Solanum ptycanthum","Restricted Noxious Weed Seeds","SOPT7","L48(N)AK(I)HI(I)VI(I)CAN(N)"
"2472","Phalaris arundinacea","Phalaris arundinacea","IN","Phalaris arundinacea","Prohibited Invasive Terrestrial Plants","PHAR3","L48(N)AK(I)CAN(N)SPM(I)"
"2473","Phalaris arundinacea","Phalaris arundinacea","MA","Phalaris arundinacea","Noxious Weed","PHAR3","L48(N)AK(I)CAN(N)SPM(I)"
"2474","Phalaris arundinacea","Phalaris arundinacea","ME","Phalaris arundinacea","Prohibited","PHAR3","L48(N)AK(I)CAN(N)SPM(I)"
"2475","Phalaris arundinacea","Phalaris arundinacea","OH","Phalaris arundinacea","Prohibited","PHAR3","L48(N)AK(I)CAN(N)SPM(I)"
"2476","Phalaris arundinacea","Phalaris arundinacea","OH","Phalaris arundinacea","Prohibited","PHAR3","L48(N)AK(I)CAN(N)SPM(I)"
"2477","Phalaris arundinacea","Phalaris arundinacea","WA","Phalaris arundinacea","Class C","PHAR3","L48(N)AK(I)CAN(N)SPM(I)"
"2487","Ambrosia grayi","Ambrosia grayi","KS","Ambrosia grayii","Category C noxious weed","AMGR5","L48(N)"
"2488","Hoffmannseggia glauca","Hoffmannseggia glauca","KS","Hoffmannseggia glauca","Category A noxious weed","HOGL2","L48(N)"
"2498","Cryptantha elata","Oreocarya elata","LA","Corypha elata","Regulated","CREL4","L48(N)"
"2570","Prosopis reptans","Strombocarpa reptans","MA","Prosopis reptans","Noxious Weed","PRRE2","L48(N)"
"2571","Prosopis velutina","Neltuma velutina","MA","Prosopis velutina","Noxious Weed","PRVE","L48(N)HI(I)"
"2574","Robinia pseudoacacia","Robinia pseudoacacia","MA","Robinia pseudoacacia","Noxious Weed","ROPS","L48(N)CAN(I)"
"2575","Robinia pseudoacacia","Robinia pseudoacacia","ME","Robinia pseudoacacia","Prohibited","ROPS","L48(N)CAN(I)"
"2576","Robinia pseudoacacia","Robinia pseudoacacia","MN","Robinia pseudoacacia","Restricted Noxious Weeds","ROPS","L48(N)CAN(I)"
"2577","Robinia pseudoacacia","Robinia pseudoacacia","NY","Robinia pseudoacacia","Regulated Plants","ROPS","L48(N)CAN(I)"
"2578","Robinia pseudoacacia","Robinia pseudoacacia","WI","Robinia pseudoacacia","Restricted","ROPS","L48(N)CAN(I)"
"2631","Allium canadense","Allium canadense","MI","Allium canadense","Restricted Noxious Weed Seed","ALCA3","L48(N)CAN(N)"
"2641","Xanthium strumarium","Xanthium strumarium","MI","Xanthium strumarium","Restricted Noxious Weed Seed","XAST","L48(N)HI(I)PR(N)VI(N)CAN(N)"
"2642","Xanthium strumarium","Xanthium strumarium","PR","Xanthium strumarium","Noxious Weeds","XAST","L48(N)HI(I)PR(N)VI(N)CAN(N)"
"2677","Stachys floridana","Stachys floridana","NC","Stachys floridana","Class B Noxious Weed","STFL4","L48(N)"
"2683","Lythrum alatum","Lythrum alatum","NH","Lythrum alatum","Noxious Weed","LYAL4","CAN(N)L48(N)"
"2692","Cicuta maculata","Cicuta maculata","NV","Cicuta maculata","Category C","CIMA2","L48(N)AK(N)CAN(N)"
"2707","Typha x glauca","Typha x glauca","OH","Typha x glauca","Prohibited","TYGL","L48(N)CAN(N)"
"2708","Typha x glauca","Typha x glauca","WA","T. x glauca","Class C","TYGL","L48(N)CAN(N)"
"2709","Typha x glauca","Typha x glauca","WI","Typha x glauca","Restricted","TYGL","L48(N)CAN(N)"
"2725","Sagittaria platyphylla","Sagittaria platyphylla","OR","Sagittaria platyphyla","""A"" Designated Weed","SAPL","L48(N)"
"2735","Cuscuta indecora","Cuscuta indecora","OR","Cuscuta indecora","""B"" Designated Weed","CUIN","L48(N)PR(N)VI(N)CAN(N)"
"2736","Cuscuta pentagona","Cuscuta pentagona","OR","Cuscuta pentagona","""B"" Designated Weed","CUPE3","L48(N)HI(I)PR(N)CAN(N)"
"2768","Solanum rostratum","Solanum rostratum","OR","Solanum rostratum","""B"" Designated Weed","SORO","L48(N)CAN(W)"
"2769","Solanum rostratum","Solanum rostratum","WA","Solanum rostratum","Class C","SORO","L48(N)CAN(W)"
"2772","Acacia farnesiana","Vachellia farnesiana","PR","Acasia farnesiana","Noxious Weeds","ACFA","L48(N)HI(I)PR(N)VI(N)"
"2779","Euphorbia heterophylla","Euphorbia heterophylla","PR","Euphorbia heterophylla","Noxious Weeds","EUHE4","L48(N)HI(I)PR(N)VI(N)"
"2783","Opuntia dillenii","Opuntia tuna","PR","Opuntia dilleni","Noxious Weeds","OPDI3","L48(N)PR(N)VI(N)"
"2824","Hieracium laevigatum","Hieracium laevigatum","WA","Hieracium laevigatum","Class B","HILA4","L48(N)"
"2829","Impatiens capensis","Impatiens capensis","WA","Impatiens capensis","Class C","IMCA","L48(N)CAN(N)SPM(N)"
"2831","Mirabilis nyctaginea","Mirabilis nyctaginea","WA","Mirabilis nyctaginea","Class A","MINY","L48(N)CAN(N)"
"2832","Nymphaea odorata","Nymphaea odorata","WA","Nymphaea odorata","Class C","NYOD","L48(N)AK(I)PR(N)CAN(N)"
"2835","Sagittaria graminea","Sagittaria graminea","WA","Sagittaria graminea","Class B","SAGR","L48(N)CAN(N)"
"2848","Typha domingensis","Typha domingensis","WA","T. domingensis","Class C","TYDO","L48(N)HI(I)PR(N)VI(N)"
"2849","Typha domingensis","Typha domingensis","WI","Typha domingensis","Prohibited","TYDO","L48(N)HI(I)PR(N)VI(N)"
"2864","Hydrocotyle ranunculoides","Hydrocotyle ranunculoides","WI","Hydrocotyle ranunculoides","Prohibited","HYRA","L48(N)"
"2873","Najas marina","Najas marina","WI","Najas marina","Restricted","NAMA","L48(N)HI(I)PR(N)CAN(N)"
"2879","Robinia hispida","Robinia hispida","WI","Robinia hispida","Restricted","ROHI","L48(N)CAN(I)"
"2881","Solidago sempervirens","Solidago sempervirens","WI","Solidago sempervirens","Split-Listed","SOSE","L48(N)PR(I)CAN(N)"
"2890","Ambrosia psilostachya","Ambrosia psilostachya","WY","Ambrosia psilostachya DC.","Restricted Noxious Weed","AMPS","L48(N)CAN(N)"
"2891","Ambrosia tomentosa","Ambrosia tomentosa","WY","Ambrosia tomentosa","Prohibited Noxious Weed","AMTO3","L48(N)"
"2894","Glycyrrhiza lepidota","Glycyrrhiza lepidota","WY","Glycyrrhiza lepidota","Restricted Noxious Weed","GLLE3","L48(N)CAN(N)"
"2895","Iva axillaris","Iva axillaris","WY","Iva axillaris","Restricted Noxious Weed","IVAX","L48(N)CAN(N)"
"2896","Lactuca tatarica","Lactuca tatarica","WY","Lactuca tatarica subsp. pulchella (Pursh) Stebbins","Restricted Noxious Weed","LATA","L48(N)AK(N)CAN(N)"
